Workbook

Sheet Fizibilite
A1: DEĞİŞKENLER | H1: Renkli kutucuklar değiştirilebilir
A2: No | B2: Değişkenler | C2: Miktar/Sayı | D2: Miktar/Sayı | E2: Açıklama
A3: 1 | B3: Cihaz Sayısı | C3: 1 | G3: Yıllar | H3: Günlük Soket Başı Şarjlanma | I3: Yıllara Göre $ Kuru | J3: Yıllara Göre TL Enflasyon Tahmini | K3: Yıllara Göre $ Enflasyonu
A4: 2 | B4: DC Cihaz için soket sayısı | C4: =C3*G18 -> 2 | G4: 2026 | H4: 3
A5: 3 | B5: Araç Şarj İstasyonu Bedeli $ | C5: =D5*D14*C3 -> 35361.393 | D5: 30000 | E5: cihaz/€ | G5: 2027 | H5: 4
A6: 4 | B6: Yer Sağlayıcı Proje Giriş Bedeli $ | C6: =D6/C13*C3 -> 58395.769 | D6: 2650000 | E6: TL/cihaz | G6: 2028 | H6: 5
A7: 5 | B7: Altyapı Yatırım Bedeli $ | C7: =D7/C13*C3 -> 27545.174 | D7: 1250000 | E7: trafo ve kablo dahil | G7: 2029 | H7: 6
A8: 6 | B8: Cihaz Başına Yatırım $ | C8: =SUM(C5:C7) -> 121302.34 | G8: 2030 | H8: 7
A9: 7 | B9: Yer Sağlayıcı Komisyonu (Ciro) | C9: 0.15 | G9: 2031 | H9: 8
A10: 8 | B10: Yer Sağlayıcı Komisyonu (Kar) | C10: 0 | G10: 2032 | H10: 9
A11: 9 | B11: Aylık Kira Bedeli $ | C11: =D11/C13 -> 74.922874 | D11: 3400 | E11: TL/ay | G11: 2033 | H11: 10
A12: 10 | B12: Yıllık toplam kira Bedeli $ | C12: =C11*G20 -> 899.07448 | G12: 2034 | H12: 11
A13: 11 | B13: $ Kuru | C13: 45.38 | G13: 2035 | H13: 12
A14: 12 | B14: € Kuru | C14: 53.49 | D14: =C14/C13 -> 1.1787131 | E14: Parite | G14: Ort. Şarjlanma | H14: =AVERAGE(H4:H13) -> 7.5
A15: 13 | B15: DC Satış Fiyatı $/MWh | C15: =C16/C13 -> 242.39753
A16: 14 | B16: DC Satış Fiyatı TL/MWh | C16: 11000
A17: 15 | B17: Elektrik Maliyeti $ /MWh | C17: =C18/C13 -> 154.25297 | G17: Sabitler
A18: 16 | B18: Elektrik Maliyeti TL/MWh | C18: 7000 | G18: 2
A19: 17 | B19: Alım - Satım Karı TL/MWh | C19: =C16-C18 -> 4000 | G19: 1000
A20: 18 | B20: Alım - Satım Karı $/MWh | C20: =C15-C17 -> 88.144557 | G20: 12
A21: 19 | B21: Yıllık TL Enflasyonu | C21: 0.3
A22: 20 | B22: Yıllık $ Enflasyonu | C22: 0.05
A23: 21 | B23: Yıllık € Enflasyonu | C23: 0.06
A24: 22 | B24: Soket Başına Günlük Şarjlanma Sayısı (ortalama) | C24: =H14 -> 7.5
A25: 23 | B25: 1 kerede yapılacak Ort Şarjlanma (kwh) | C25: 30
A26: 24 | B26: Soket Başına Günlük Toplam Satış (kwh) | C26: =C24*C25 -> 225
A27: 25 | B27: Cihaz Başına Günlük Toplam Satış (kwh) | C27: =C26*C4 -> 450
A28: 26 | B28: Kayıp Gün Sayısı | C28: 0.05
A29: 27 | B29: Bakım ve Operasyonel Gider | C29: 0.2
A30: 28 | B30: Finans Maliyeti | C30: 0
A31: 29 | B31: Garanti sonrası bakım Anlaşması Tutarı (yıllık) | C31: =D31*G20 -> 1200 | D31: 100 | E31: aylık bakım (yıl/12) $
A32: 30 | B32: Reel Getiri TL | C32: =(1+0.4)/(1+0.35)-1 -> 0.037037037
A33: 31 | B33: Reklam Geliri | C33: 0

Sheet Yatırım Geri Dönüş
A1: 1000
B2: 2026
B3: Aylar | C3: Ocak | D3: Şubat | E3: Mart | F3: Nisan | G3: Mayıs | H3: Haziran | I3: Temmuz | J3: Ağustos | K3: Eylül | L3: Ekim | M3: Kasım | N3: Aralık
B5: Gün Sayıları | C5: 31 | D5: 28 | E5: 31 | F5: 30 | G5: 31 | H5: 30 | I5: 31 | J5: 31 | K5: 30 | L5: 31 | M5: 30 | N5: 31
B6: Kayıp Gün Sayısı | C6: =C5*Fizibilite!$C$28 -> 1.55 | D6: =D5*Fizibilite!$C$28 -> 1.4 | E6: =E5*Fizibilite!$C$28 -> 1.55 | F6: =F5*Fizibilite!$C$28 -> 1.5 | G6: =G5*Fizibilite!$C$28 -> 1.55 | H6: =H5*Fizibilite!$C$28 -> 1.5 | I6: =I5*Fizibilite!$C$28 -> 1.55 | J6: =J5*Fizibilite!$C$28 -> 1.55 | ... N6: =N5*Fizibilite!$C$28 -> 1.55
B7: Net Operasyonel Gün Sayısı | C7: =C5-C6 -> 29.45 | D7: =D5-D6 -> 26.6 | E7: =E5-E6 -> 29.45 | F7: =F5-F6 -> 28.5 | G7: =G5-G6 -> 29.45 | H7: =H5-H6 -> 28.5 | I7: =I5-I6 -> 29.45 | J7: =J5-J6 -> 29.45 | ... N7: =N5-N6 -> 29.45
B8: Aylık Cihaz Başına Satış kwh | C8: =C7*Fizibilite!$C27 -> 13252.5 | D8: =D7*Fizibilite!$C27 -> 11970 | E8: =E7*Fizibilite!$C27 -> 13252.5 | F8: =F7*Fizibilite!$C27 -> 12825 | G8: =G7*Fizibilite!$C27 -> 13252.5 | H8: =H7*Fizibilite!$C27 -> 12825 | I8: =I7*Fizibilite!$C27 -> 13252.5 | J8: =J7*Fizibilite!$C27 -> 13252.5 | ... N8: =N7*Fizibilite!$C27 -> 13252.5
B9: Aylık Cihaz Başına Satış MWh | C9: =C8/$A$1 -> 13.2525 | D9: =D8/$A$1 -> 11.97 | E9: =E8/$A$1 -> 13.2525 | F9: =F8/$A$1 -> 12.825 | G9: =G8/$A$1 -> 13.2525 | H9: =H8/$A$1 -> 12.825 | I9: =I8/$A$1 -> 13.2525 | J9: =J8/$A$1 -> 13.2525 | ... N9: =N8/$A$1 -> 13.2525
B11: Satış Fiyatı $/MWh | C11: =Fizibilite!$C$15 -> 242.39753 | D11: =Fizibilite!$C$15 -> 242.39753 | E11: =Fizibilite!$C$15 -> 242.39753 | F11: =Fizibilite!$C$15 -> 242.39753 | G11: =Fizibilite!$C$15 -> 242.39753 | H11: =Fizibilite!$C$15 -> 242.39753 | I11: =Fizibilite!$C$15 -> 242.39753 | J11: =Fizibilite!$C$15 -> 242.39753 | ... N11: =Fizibilite!$C$15 -> 242.39753
B12: Aylık İstasyon Ciro Satış Geliri $ | C12: =C9*C11 -> 3212.3733 | D12: =D9*D11 -> 2901.4985 | E12: =E9*E11 -> 3212.3733 | F12: =F9*F11 -> 3108.7483 | G12: =G9*G11 -> 3212.3733 | H12: =H9*H11 -> 3108.7483 | I12: =I9*I11 -> 3212.3733 | J12: =J9*J11 -> 3212.3733 | ... N12: =N9*N11 -> 3212.3733
B14: Aylık yer sağlayıcı Komisyonu tutarı $ | C14: =C12*Fizibilite!$C$9 -> 481.85599 | D14: =D12*Fizibilite!$C$9 -> 435.22477 | E14: =E12*Fizibilite!$C$9 -> 481.85599 | F14: =F12*Fizibilite!$C$9 -> 466.31225 | G14: =G12*Fizibilite!$C$9 -> 481.85599 | H14: =H12*Fizibilite!$C$9 -> 466.31225 | I14: =I12*Fizibilite!$C$9 -> 481.85599 | J14: =J12*Fizibilite!$C$9 -> 481.85599 | ... N14: =N12*Fizibilite!$C$9 -> 481.85599
B15: Aylık Kira Bedeli | C15: =Fizibilite!$C$11 -> 74.922874 | D15: =Fizibilite!$C$11 -> 74.922874 | E15: =Fizibilite!$C$11 -> 74.922874 | F15: =Fizibilite!$C$11 -> 74.922874 | G15: =Fizibilite!$C$11 -> 74.922874 | H15: =Fizibilite!$C$11 -> 74.922874 | I15: =Fizibilite!$C$11 -> 74.922874 | J15: =Fizibilite!$C$11 -> 74.922874 | ... N15: =Fizibilite!$C$11 -> 74.922874
B16: Yer Sağlayıcı Komisyonu Düşmüş Ciro | C16: =C12-C14-C15 -> 2655.5944 | D16: =D12-D14-D15 -> 2391.3508 | E16: =E12-E14-E15 -> 2655.5944 | F16: =F12-F14-F15 -> 2567.5132 | G16: =G12-G14-G15 -> 2655.5944 | H16: =H12-H14-H15 -> 2567.5132 | I16: =I12-I14-I15 -> 2655.5944 | J16: =J12-J14-J15 -> 2655.5944 | ... N16: =N12-N14-N15 -> 2655.5944
B18: Elektrik Maliyeti $/MWh | C18: =Fizibilite!$C$17 -> 154.25297 | D18: =Fizibilite!$C$17 -> 154.25297 | E18: =Fizibilite!$C$17 -> 154.25297 | F18: =Fizibilite!$C$17 -> 154.25297 | G18: =Fizibilite!$C$17 -> 154.25297 | H18: =Fizibilite!$C$17 -> 154.25297 | I18: =Fizibilite!$C$17 -> 154.25297 | J18: =Fizibilite!$C$17 -> 154.25297 | ... N18: =Fizibilite!$C$17 -> 154.25297
B19: Aylık İstasyon Elektrik Maliyeti $ | C19: =C9*C18 -> 2044.2375 | D19: =D9*D18 -> 1846.4081 | E19: =E9*E18 -> 2044.2375 | F19: =F9*F18 -> 1978.2944 | G19: =G9*G18 -> 2044.2375 | H19: =H9*H18 -> 1978.2944 | I19: =I9*I18 -> 2044.2375 | J19: =J9*J18 -> 2044.2375 | ... N19: =N9*N18 -> 2044.2375
B21: Cihaz Başına Aylık Brüt Kar $ | C21: =C16-C19 -> 611.35688 | D21: =D16-D19 -> 544.94271 | E21: =E16-E19 -> 611.35688 | F21: =F16-F19 -> 589.21882 | G21: =G16-G19 -> 611.35688 | H21: =H16-H19 -> 589.21882 | I21: =I16-I19 -> 611.35688 | J21: =J16-J19 -> 611.35688 | ... N21: =N16-N19 -> 611.35688 | O21: Cihaz Başına Yıllık Toplam Brüt Kar | P21: Cihaz Başına Yatırım | Q21: Geri Dönüş Süresi Yıl
O22: =SUM(C21:N21) -> 7181.3161 | P22: =Fizibilite!C8 -> 121302.34 | Q22: =P22/O22 -> 16.89138

Sheet Düzeltilmiş Model
A1: DÜZELTİLMİŞ ÇOK YILLI FİZİBİLİTE MODELİ
A2: Net Kar (opex+bakim dusulmus) + Enflasyon + NPV/IRR + Gercek basabas
A4: VARSAYIMLAR
A5: Toplam Yatirim (1.yil, USD) | B5: =Fizibilite!C8 -> 121302.34
A6: Yil-1 Brut Kar (USD, mevcut model) | B6: ='Yatırım Geri Dönüş'!O22 -> 7181.3161
A7: Opex Orani (Brut Kar uzerinden) | B7: =Fizibilite!C29 -> 0.2
A8: Yillik Bakim Anlasmasi (USD) | B8: =Fizibilite!C31 -> 1200
A9: Garanti Suresi (yil, bakim=0) | B9: 2
A10: Yillik USD Enflasyonu (gelir+gider) | B10: =Fizibilite!C22 -> 0.05
A11: Iskonto Orani (NPV, USD bazli) | B11: 0.1
A14: YIL | B14: Brut Kar | C14: Opex | D14: Bakim | E14: Net Nakit Akisi | F14: Iskonto Faktoru | G14: Bugunku Deger | H14: Kumulatif BD
A15: 0 (Yatirim) | E15: =-B5 -> -121302.34 | F15: 1 | G15: =E15*F15 -> -121302.34 | H15: =G15 -> -121302.34
A16: 2026 | B16: =$B$6*(1+$B$10)^(1-1) -> 7181.3161 | C16: =B16*$B$7 -> 1436.2632 | D16: =IF(1<=$B$9,0,$B$8*(1+$B$10)^(1-1)) -> 0 | E16: =B16-C16-D16 -> 5745.0529 | F16: =1/(1+$B$11)^1 -> 0.90909091 | G16: =E16*F16 -> 5222.7754 | H16: =H15+G16 -> -116079.56
A17: 2027 | B17: =$B$6*(1+$B$10)^(2-1) -> 7540.3819 | C17: =B17*$B$7 -> 1508.0764 | D17: =IF(2<=$B$9,0,$B$8*(1+$B$10)^(2-1)) -> 0 | E17: =B17-C17-D17 -> 6032.3055 | F17: =1/(1+$B$11)^2 -> 0.82644628 | G17: =E17*F17 -> 4985.3765 | H17: =H16+G17 -> -111094.18
A18: 2028 | B18: =$B$6*(1+$B$10)^(3-1) -> 7917.401 | C18: =B18*$B$7 -> 1583.4802 | D18: =IF(3<=$B$9,0,$B$8*(1+$B$10)^(3-1)) -> 1323 | E18: =B18-C18-D18 -> 5010.9208 | F18: =1/(1+$B$11)^3 -> 0.7513148 | G18: =E18*F18 -> 3764.779 | H18: =H17+G18 -> -107329.41
A19: 2029 | B19: =$B$6*(1+$B$10)^(4-1) -> 8313.2711 | C19: =B19*$B$7 -> 1662.6542 | D19: =IF(4<=$B$9,0,$B$8*(1+$B$10)^(4-1)) -> 1389.15 | E19: =B19-C19-D19 -> 5261.4668 | F19: =1/(1+$B$11)^4 -> 0.68301346 | G19: =E19*F19 -> 3593.6527 | H19: =H18+G19 -> -103735.75
A20: 2030 | B20: =$B$6*(1+$B$10)^(5-1) -> 8728.9346 | C20: =B20*$B$7 -> 1745.7869 | D20: =IF(5<=$B$9,0,$B$8*(1+$B$10)^(5-1)) -> 1458.6075 | E20: =B20-C20-D20 -> 5524.5402 | F20: =1/(1+$B$11)^5 -> 0.62092132 | G20: =E20*F20 -> 3430.3048 | H20: =H19+G20 -> -100305.45
A21: 2031 | B21: =$B$6*(1+$B$10)^(6-1) -> 9165.3813 | C21: =B21*$B$7 -> 1833.0763 | D21: =IF(6<=$B$9,0,$B$8*(1+$B$10)^(6-1)) -> 1531.5379 | E21: =B21-C21-D21 -> 5800.7672 | F21: =1/(1+$B$11)^6 -> 0.56447393 | G21: =E21*F21 -> 3274.3819 | H21: =H20+G21 -> -97031.066
A22: 2032 | B22: =$B$6*(1+$B$10)^(7-1) -> 9623.6504 | C22: =B22*$B$7 -> 1924.7301 | D22: =IF(7<=$B$9,0,$B$8*(1+$B$10)^(7-1)) -> 1608.1148 | E22: =B22-C22-D22 -> 6090.8056 | F22: =1/(1+$B$11)^7 -> 0.51315812 | G22: =E22*F22 -> 3125.5463 | H22: =H21+G22 -> -93905.519
A23: 2033 | B23: =$B$6*(1+$B$10)^(8-1) -> 10104.833 | C23: =B23*$B$7 -> 2020.9666 | D23: =IF(8<=$B$9,0,$B$8*(1+$B$10)^(8-1)) -> 1688.5205 | E23: =B23-C23-D23 -> 6395.3458 | F23: =1/(1+$B$11)^8 -> 0.46650738 | G23: =E23*F23 -> 2983.476 | H23: =H22+G23 -> -90922.043
A24: 2034 | B24: =$B$6*(1+$B$10)^(9-1) -> 10610.075 | C24: =B24*$B$7 -> 2122.0149 | D24: =IF(9<=$B$9,0,$B$8*(1+$B$10)^(9-1)) -> 1772.9465 | E24: =B24-C24-D24 -> 6715.1131 | F24: =1/(1+$B$11)^9 -> 0.42409762 | G24: =E24*F24 -> 2847.8635 | H24: =H23+G24 -> -88074.18
A25: 2035 | B25: =$B$6*(1+$B$10)^(10-1) -> 11140.578 | C25: =B25*$B$7 -> 2228.1157 | D25: =IF(10<=$B$9,0,$B$8*(1+$B$10)^(10-1)) -> 1861.5939 | E25: =B25-C25-D25 -> 7050.8688 | F25: =1/(1+$B$11)^10 -> 0.38554329 | G25: =E25*F25 -> 2718.4151 | H25: =H24+G25 -> -85355.765
A27: SONUCLAR
A28: NPV (10 yil, iskontolu USD) | B28: =SUM(G15:G25) -> -85355.765
A29: IRR (10 yil, USD) | B29: =IRR(E15:E25) -> -0.1082256
A30: Nominal Net Kar Toplami (USD) | B30: =SUM(E16:E25) -> 59627.187
A31: ESKI MODEL Geri Donus (yil) | B31: ='Yatırım Geri Dönüş'!Q22 -> 16.89138
A32: Kumulatif BD 10 yil sonunda (USD) | B32: =H25 -> -85355.765
A33: NOT: H25 negatifse yatirim 10 yilda geri donmuyor demektir.
